Title,Abstract,DOI,Authors,Year,Document_Type,Journal,Source,DECISION,MOTIVO
The Protein Network in Subcutaneous Fat Biopsies from Patients with AL Amyloidosis: More Than Diagnosis?,"AL amyloidosis is caused by the misfolding of immunoglobulin light chains leading to an impaired function of tissues and organs in which they accumulate. Due to the paucity of -omics profiles from undissected samples, few studies have addressed amyloid-related damage system wide. To fill this gap, we evaluated proteome changes in the abdominal subcutaneous adipose tissue of patients affected by the AL isotypes κ and λ. Through our retrospective analysis based on graph theory, we have herein deduced new insights representing a step forward from the pioneering proteomic investigations previously published by our group. ECM/cytoskeleton, oxidative stress and proteostasis were confirmed as leading processes. In this scenario, some proteins, including glutathione peroxidase 1 (GPX1), tubulins and the TRiC complex, were classified as biologically and topologically relevant. These and other results overlap with those already reported for other amyloidoses, supporting the hypothesis that amyloidogenic proteins could induce similar mechanisms independently of the main fibril precursor and of the target tissues/organs. Of course, further studies based on larger patient cohorts and different tissues/organs will be essential, which would be a key point that would allow for a more robust selection of the main molecular players and a more accurate correlation with clinical aspects.",cells12050699 [pii],"Di Silvestre D, Brambilla F, Lavatelli F, Chirivì M, Canetti D, Bearzi C, Rizzi R, Bijzet J, Hazenberg BPC, Bellotti V, Gillmore JD, Mauri P",,,Cells. 2023 Feb 22;12(5):699. doi: 10.3390/cells12050699.,PubMed,INCLUIDO,Cumple criterios — proteom
Exploring the sequence features determining amyloidosis in human antibody light chains.,"The light chain (AL) amyloidosis is caused by the aggregation of light chain of antibodies into amyloid fibrils. There are plenty of computational resources available for the prediction of short aggregation-prone regions within proteins. However, it is still a challenging task to predict the amyloidogenic nature of the whole protein using sequence/structure information. In the case of antibody light chains, common architecture and known binding sites can provide vital information for the prediction of amyloidogenicity at physiological conditions. Here, in this work, we have compared classical sequence-based, aggregation-related features (such as hydrophobicity, presence of gatekeeper residues, disorderness, β-propensity, etc.) calculated for the CDR, FR or V(L) regions of amyloidogenic and non-amyloidogenic antibody light chains and implemented the insights gained in a machine learning-based webserver called ""V(L)AmY-Pred"" ( https://web.iitm.ac.in/bioinfo2/vlamy-pred/ ). The model shows prediction accuracy of 79.7% (sensitivity: 78.7% and specificity: 79.9%) with a ROC value of 0.88 on a dataset of 1828 variable region sequences of the antibody light chains. This model will be helpful towards improved prognosis for patients that may likely suffer from diseases caused by light chain amyloidosis, understanding origins of aggregation in antibody-based biotherapeutics, large-scale in-silico analysis of antibody sequences generated by next generation sequencing, and finally towards rational engineering of aggregation resistant antibodies.",10.1038/s41598-021-93019-9 [pii],"Rawat P, Prabakaran R, Kumar S, Gromiha MM",,,Sci Rep. 2021 Jul 2;11(1):13785. doi: 10.1038/s41598-021-93019-9.,PubMed,INCLUIDO,Cumple criterios — machine learning
Redefining Cardiac Involvement and Targets of Treatment in Systemic Immunoglobulin AL Amyloidosis.,"IMPORTANCE: Cardiac amyloid infiltration is the key determinant of survival in systemic light-chain (AL) amyloidosis. Current guidelines recommend early switching therapy in patients with a nonoptimal or suboptimal response regardless of the extent of cardiac amyloid infiltration. OBJECTIVE: To assess the differences between serum biomarkers, echocardiography, and cardiovascular magnetic resonance (CMR) with extracellular volume (ECV) mapping in characterizing cardiac amyloid, the independent prognostic role of these approaches, and the role of ECV mapping to guide treatment strategies. DESIGN, SETTING, AND PARTICIPANTS: Consecutive patients newly diagnosed with systemic AL amyloidosis (2015-2021) underwent echocardiography, cardiac biomarkers, and CMR with ECV mapping at diagnosis. Data were analyzed from January to June 2024. MAIN OUTCOMES AND MEASURES: The primary outcomes of the study were all-cause mortality and hematological response as defined according to validated criteria: no response (NR), partial response (PR), very good partial response (VGPR), and complete response (CR). Secondary outcomes were the depth and speed of hematological response and overall survival according to ECV. RESULTS: Of 560 patients with AL amyloidosis, the median (IQR) age was 68 years (59-74 years); 346 patients were male (61.8%) and 214 female (38.2%). Over a median (IQR) 40.5 months 9-58 months), ECV was independently associated with mortality. In the landmark analysis at 1 month, long-term survival was independent of the achieved hematological response in ECV less than 0.30% and ECV of 0.31% to 0.40%, while it was dependent on the depth of the hematological response in ECV greater than 0.40%. In the landmark analysis at 6 months, survival was independent of the achieved hematological response in ECV less than 0.30% and dependent on achieving at least PR in ECV of 0.31% to 0.40%. Survival was dependent on achieving CR in ECV of 0.41% to 0.50% and ECV greater than 0.50%. Achieving a deep hematological response at 1 month was associated with better survival compared with 6 months in patients with ECV greater than 0.40% but not with ECV less than 0.40%. CONCLUSIONS AND RELEVANCE: This study found that ECV mapping, in systemic AL amyloidosis, is an independent predictor of prognosis, can help define the hematological response associated with better long-term outcomes for each patient and potentially inform treatment strategies.",2822691 [pii],"Porcari A, Masi A, Martinez-Naharro A, Razvi Y, Patel R, Ioannou A, Rauf MU, Sinigiani G, Wisniowski B, Filisetti S, Currie-Cathey J, O'Beara S, Kotecha T, Knight D, Moon JC, Sinagra G, Virsinskaite R, Gilbertson J, Venneri L, Petrie A, Lachmann H, Whelan C, Kellman P, Ravichandran S, Cohen O, Mahmood S, Manisty C, Hawkins PN, Gillmore JD, Wechalekar AD, Fontana M",,,JAMA Cardiol. 2024 Nov 1;9(11):982-989. doi: 10.1001/jamacardio.2024.2555.,PubMed,INCLUIDO,Cumple criterios — serum biomarker
Immunoglobulin Light Chain Amyloidosis: Diagnosis and Risk Assessment.,"Immunoglobulin light chain (AL) amyloidosis is a clonal plasma cell disorder with multiple clinical presentations. The diagnosis of AL amyloidosis requires a high index of suspicion, making a delay in diagnosis common, which contributes to the high early mortality seen in this disease. Establishing the diagnosis of AL amyloidosis requires the demonstration of tissue deposition of amyloid fibrils. A bone marrow biopsy and fat pad aspirate performed concurrently have a high sensitivity for the diagnosis of AL amyloidosis and negate the need for organ biopsies in most patients. An accurate diagnosis requires amyloid typing via additional testing, including tissue mass spectrometry. Prognostication for AL amyloidosis is largely driven by the organs impacted. Cardiac involvement represents the single most important prognostic marker, and the existing staging systems are driven by cardiac biomarkers. Apart from organ involvement, plasma cell percentage on the bone marrow biopsy, specific fluorescence in situ hybridization findings, age at diagnosis, and performance status are important prognostic markers. This review elaborates on the diagnostic testing and prognostication for patients with newly diagnosed AL amyloidosis.",10.6004/jnccn.2022.7077 [doi],"Zanwar S, Gertz MA, Muchtar E",,,J Natl Compr Canc Netw. 2023 Jan;21(1):83-90. doi: 10.6004/jnccn.2022.7077.,PubMed,INCLUIDO,Cumple criterios — mass spectrometry
Blood mass spectrometry detects residual disease better than standard techniques in light-chain amyloidosis.,"In patients with immunoglobulin light-chain (AL) amyloidosis, depth of hematologic response correlates with both organ response and overall survival. Our group has demonstrated that screening with a matrix-assisted laser desorption/ionization-time-of-flight (TOF) mass spectrometry (MS) is a quick, sensitive, and accurate means to diagnose and monitor the serum of patients with plasma cell disorders. Microflow liquid chromatography coupled with electrospray ionization and quadrupole TOF MS adds further sensitivity. We identified 33 patients with AL amyloidosis who achieved amyloid complete hematologic response, who also had negative bone marrow by six-color flow cytometry, and who had paired serum samples to test by MS. These samples were subjected to blood MS. Four patients (12%) were found to have residual disease by these techniques. The presence of residual disease by MS was associated with a poorer time to progression (at 50 months 75% versus 13%, p = 0.003). MS of the blood out-performed serum and urine immunofixation, the serum immunoglobulin free light chain, and six-color flow cytometry of the bone marrow in detecting residual disease. Additional studies that include urine MS and next-generation techniques to detect clonal plasma cells in the bone marrow will further elucidate the full potential of this technique.",10.1038/s41408-020-0291-8 [pii],"Dispenzieri A, Arendt B, Dasari S, Kohlhagen M, Kourelis T, Kumar SK, Leung N, Muchtar E, Buadi FK, Warsame R, Kyle RA, Lacy MQ, Dingli D, Kapoor P, Gonsalves WI, Go RS, Hayman SR, Hwa YL, Fonder A, Hobbs M, Jevremovic D, Lust JA, Zeldenrust S, Russell SJ, Rajkumar SV, Gertz MA, Murray D",,,Blood Cancer J. 2020 Feb 25;10(2):20. doi: 10.1038/s41408-020-0291-8.,PubMed,INCLUIDO,Cumple criterios — mass spectrometry
Increasing the accuracy of proteomic typing by decellularisation of amyloid tissue biopsies.,"Diagnosis and treatment of systemic amyloidosis depend on accurate identification of the specific amyloid fibril protein forming the tissue deposits. Confirmation of monoclonal immunoglobulin light chain amyloidosis (AL), requiring cytotoxic chemotherapy, and avoidance of such treatment in non-AL amyloidosis, are particularly important. Proteomic analysis characterises amyloid proteins directly. It complements immunohistochemical staining of amyloid to identify fibril proteins and gene sequencing to identify mutations in the fibril precursors. However, proteomics sometimes detects more than one potentially amyloidogenic protein, especially immunoglobulins and transthyretin which are abundant plasma proteins. Ambiguous results are most challenging in the elderly as both AL and transthyretin (ATTR) amyloidosis are usually present in this group. We have lately described a procedure for tissue decellularisation which retains the structure, integrity and composition of amyloid but removes proteins that are not integrated within the deposits. Here we show that use of this procedure before proteomic analysis eliminates ambiguity and improves diagnostic accuracy. SIGNIFICANCE: Unequivocal identification of the protein causing amyloidosis disease is crucial for correct diagnosis and treatment. As a proof of principle, we selected a number of cardiac and fat tissue biopsies from patients with various types of amyloidosis and show that a classical procedure of decellularisation enhances the specificity of the identification of the culprit protein reducing ambiguity and the risk of misdiagnosis.",S1874-3919(17)30227-0 [pii],"Mangione PP, Mazza G, Gilbertson JA, Rendell NB, Canetti D, Giorgetti S, Frenguelli L, Curti M, Rezk T, Raimondi S, Pepys MB, Hawkins PN, Gillmore JD, Taylor GW, Pinzani M, Bellotti V",,,J Proteomics. 2017 Aug 8;165:113-118. doi: 10.1016/j.jprot.2017.06.016. Epub 2017 Jun 21.,PubMed,INCLUIDO,Cumple criterios — proteom
Differential expression of MAP3K7 and TROPONIN C proteins and related perturbations in renal amyloidosis.,"OBJECTIVES: Renal amyloidosis (RA) is a rare protein misfolding disorder that prompts progressive renal insufficiency. This study aimed to decipher proteomic changes in human sera to understand the pathophysiology and molecular mechanisms underlying the disease development, hence assisting in the diagnosis of RA. METHODS: Serum proteomic analysis was performed using a gel-based approach followed by MALDI-TOF MS. RA patients with age and sex matched healthy volunteers were recruited from Max Super Speciality Hospital, New Delhi, India. RESULTS: Proteome profiles of serum revealed eight differentially expressed proteins namely, Zinc finger protein 624, Protein FAM183A, Calcium-binding mitochondrial carrier protein Scamc-3, V-type proton ATPase 116 kDa subunit A isoforms 2, Protein TXNRD3NB, ATP - dependent RNA helicase, Troponin C and Mitogen-activated protein kinase kinase kinase 7. These proteins were reported first time in RA. The increased levels of MAP3K7 and TROPONIN C were validated by bio-layer interferometry and their diagnostic accuracy was evaluated by ROC curve analysis. The differentially expressed proteins were predominantly associated with vesicular trafficking, transcriptional regulation, metabolic processes, apoptotic process and mitochondrial metabolism. CONCLUSION: The results indicate that these proteomic signatures may be considered as potential molecular targets for RA diagnostics and therapeutics subject to validation on large sample size. Abbreviations: AβP= Amyloid-beta protein, Aβ=Amyloid-beta, AL= Light chain amyloidosis, AA= Amyloid A, ALECT2= LECT2 amyloidosis, APS= Ammonium persulfate CKD= Chronic Kidney Diseases, EBRT= external beam radiation therapy, ESRD= End-Stage Kidney Disease, Glis2= Gli-similar 2, JNK= c-Jun NH 2-terminal kinase, MAPK= Mitogen-Activated Protein Kinase, MM=Multiple Myeloma, PHD= Prolyl hydroxylase, RA = Renal Amyloidosis, SAA= Serum Amyloid A, SD= Standard Deviation, Sepp= Selenoprotein, SCC= Squamous cell carcinoma, SDS= Sodium dodecyl sulfate, TEMED = tetramethyl ethylenediamine, TGF-Beta-1=Transforming growth factor- Beta-1, Trx = Thioredoxin, TrxR= Thioredoxin reductase.",10.1080/14789450.2020.1833722 [doi],"Gupta N, Sahar T, Khullar D, Jain SK, Wajid S",,,Expert Rev Proteomics. 2020 Sep;17(9):685-694. doi: 10.1080/14789450.2020.1833722. Epub 2020 Nov 1.,PubMed,INCLUIDO,Cumple criterios — proteom
Elevation of Plasmin-α2-plasmin Inhibitor Complex Predicts the Diagnosis of Systemic AL Amyloidosis in Patients with Monoclonal Protein.,"Objective The complication of systemic immunoglobulin light chain (AL) amyloidosis in patients with monoclonal immunoglobulin affects the prognosis, but amyloid deposition in tissues is sometimes difficult to detect due to bleeding tendencies and preferential distributions. However, fibrinolysis is known to be exacerbated in patients with systemic AL amyloidosis specifically. We therefore explored new biomarkers for predicting a diagnosis of systemic AL amyloidosis focusing on coagulation and fibrinolysis markers. Methods We reviewed the clinical features and treatment outcomes of patients with serum monoclonal protein, including primary systemic AL amyloidosis and multiple myeloma (MM), treated at our hospital between January 2008 and December 2014. Results Among several biomarkers, only the serum level of plasmin-α2-plasmin inhibitor complex (PIC) in patients with systemic AL amyloidosis (n=26) at the diagnosis was significantly higher than in patients with MM without AL amyloidosis (n=26) (mean±standard deviation, 3.69±2.82 μg/mL vs. 1.23±0.97 μg/mL, p<0.01). The cut-off for predicting a diagnosis of systemic AL amyloidosis in patients with serum monoclonal protein was 1.72 μg/mL with 84.6% sensitivity and 80.8% specificity. Hepatic involvement resulted in a significantly higher PIC level than no involvement in patients with systemic AL amyloidosis. The serum PIC level was also associated with the hematological response of systemic AL amyloidosis. Conclusion PIC is a useful biomarker for the diagnosis and management of patients with systemic AL amyloidosis.",10.2169/internalmedicine.8999-17 [doi],"Ishiguro K, Hayashi T, Yokoyama Y, Aoki Y, Onodera K, Ikeda H, Ishida T, Nakase H",,,Intern Med. 2018 Mar 15;57(6):783-788. doi: 10.2169/internalmedicine.8999-17. Epub 2017 Oct 11.,PubMed,INCLUIDO,Cumple criterios — new biomarker
Spatial resolution of renal amyloid deposits through MALDI-MSI: a combined digital and molecular approach to monoclonal gammopathies.,"AIMS: Identification and characterisation of monoclonal gammopathies of renal significance (MGRS) is critical for therapeutic purposes. Amyloidosis represents one of the most common forms of MGRS, and renal biopsy remains the gold standard for their classification, although mass spectrometry has shown greater sensitivity in this area. METHODS: In the present study, a new in situ proteomic technique, matrix-assisted laser desorption/ionisation mass spectrometry imaging (MALDI-MSI), is investigated as an alternative to conventional laser capture microdissection MS for the characterisation of amyloids. MALDI-MSI was performed on 16 cases (3 lambda light chain amyloidosis (AL), 3 AL kappa, 3 serum amyloid A amyloidosis (SAA), 2 lambda light chain deposition disease (LCDD), 2 challenging amyloid cases and 3 controls). Analysis began with regions of interest labelled by the pathologist, and then automatic segmentation was performed. RESULTS: MALDI-MSI correctly identified and typed cases with known amyloid type (AL kappa, AL lambda and SAA). A 'restricted fingerprint' for amyloid detection composed of apolipoprotein E, serum amyloid protein and apolipoprotein A1 showed the best automatic segmentation performance (area under the curve >0.7). CONCLUSIONS: MALDI-MSI correctly assigned minimal/challenging cases of amyloidosis to the correct type (AL lambda) and identified lambda light chains in LCDD cases, highlighting the promising role of MALDI-MSI for amyloid typing.",jcp-2023-208790 [pii],"Bindi G, Smith A, Oliveira G, Eccher A, Vatrano S, Alberici F, Cazzaniga G, Galimberti S, Capitoli G, Magni F, Pagni F, L'Imperio V",,,J Clin Pathol. 2024 May 17;77(6):402-410. doi: 10.1136/jcp-2023-208790.,PubMed,INCLUIDO,Cumple criterios — proteom
Novel challenges in the management of immunoglobulin light chain amyloidosis: from the bench to the bedside.,"INTRODUCTION: Immunoglobulin light chain (AL) amyloidosis is one of the most frequent systemic amyloidosis in Western countries. It is caused by a B-cell clone producing a misfolded light chain (LC) that deposits in organs. AREAS COVERED: The review examines recent findings on pathophysiology and clinical management of AL amyloidosis. It contains an update on the recent hot topics as novel therapeutic approaches, definition of relapse, and hematologic response assessment. To review literature on AL amyloidosis, a bibliographic search was performed using PubMed. EXPERT OPINION: Due to the proteotoxicity of amyloidogenic LCs, the therapeutic goal is a rapid and profound decrease in their concentration. The standard treatment is a risk-adapted chemotherapy targeting the B-cell clone. Novel, promising drugs, as daratumumab, are currently under evaluation in newly-diagnosed and relapsed/refractory patients. New sensitive techniques, as mass spectrometry approach and bone marrow minimal residual disease assessment, are available to evaluate depth of response. After first-line therapy, increase in LC concentration may precede worsening of organ dysfunction and should be considered carefully. Further clarification of molecular mechanisms of the disease are shedding light on new possible therapeutic targets. Innovative treatment strategies and novel technologies will improve our ability to treat AL amyloidosis, preventing organ deterioration.",10.1080/17474086.2020.1803060 [doi],"Basset M, Nuvolone M, Palladini G, Merlini G",,,Expert Rev Hematol. 2020 Sep;13(9):1003-1015. doi: 10.1080/17474086.2020.1803060. Epub 2020 Aug 11.,PubMed,INCLUIDO,Cumple criterios — mass spectrometry
Benefits of new immunoglobulin-derived biomarkers for the diagnosis and follow-up of patients with dysglobulinemia.,"The diagnostics and follow-up of monoclonal gammopathies such as multiple myeloma require precise analysis of the monoclonal component as well as the other immunoglobulins isotypes, which might be limited by the sensitivity of standard laboratory methods. New serum biomarkers were developed for routine practice in the last decades, such as the free light chain assays and more recently the heavy/light chain assay<strike>s</strike>. Studies have shown that serum free light chain measurement was useful in the identification and follow-up of pauci or nonsecretory myeloma, free light-chain multiple myeloma and AL amyloidosis. It is also an important prognostic marker for monoclonal gammopathy of undetermined significance and AL amyloidosis progression. Hevylite method enables quantitative analysis of heavy/light chain pairs of IgG, IgA and IgM immunoglobulins. This technique has a promising potential to enrich the standard analytic tools as it enables to assess the concentration and ratio of the levels of both tumor and physiological immunoglobulins (heavy/light chain pair suppression), which is not possible with serum protein electrophoresis or global quantitative analysis of immunoglobulin isotypes. This review includes the latest International myeloma working group recommendations and key data presented at the Euromedlab convention in June 2015 Paris regarding serum free light chain and heavy/light chain assays in the biological monitoring of dysglobulinemia.",abc.2016.1180 [pii],"Ermak N, Nguyen-Khoa T, Alyanakian MA",,,Ann Biol Clin (Paris). 2016 Oct 1;74(5):597-605. doi: 10.1684/abc.2016.1180.,PubMed,INCLUIDO,Cumple criterios — serum biomarker
Prognostic values of novel biomarkers in patients with AL amyloidosis.,"As cardiac involvement is the most important prognostic marker in light-chain amyloidosis (AL), revised Mayo staging for AL incorporated N-terminal pro-brain natriuretic peptide (NTproBNP) and troponin T (TnT). However, prognostic value of novel biomarkers, such as soluble suppression of tumorigenicity 2 (sST2), growth differentiation factor 15 (GDF15), or osteopontin (OPN) is unknown in AL amyloidosis. We aimed to investigate additive predictive effects of novel biomarkers for overall mortality rates of AL amyloidosis patients. Levels of sST2, GDF15, and OPN were quantified at diagnosis in a total of 73 AL amyloidosis patients at Samsung Medical Center from 2010 to 2016. The median follow-up duration of the censored cases was 18.0 (12.4-28.1) months. A total of 25 deaths occurred during the follow-up period. Two novel biomarkers, sST2 and GDF-15 showed satisfactory predictive performances for both one-year and overall survival from ROC analysis. Best cut-off values for predicting one-year mortality were selected. Elevated sST2 and GDF-15 levels showed significant incremental prognostic values in addition to NT-ProBNP and TnT for overall mortality. Patients were assigned 1 point for elevated sST2 or GDF-15. The mean values of NT-proBNP, TnT, mean LV wall thickness, and septal e' velocity differed significantly according to the scores. Patients with higher scores showed significantly worse prognosis even in patients with advanced revised Mayo staging. Two novel biomarkers, sST2 and GDF-15, showed satisfactory prognostic value for overall survival of AL amyloidosis patients. Furthermore, sST2 and GDF-15 showed additive incremental values over conventional biomarkers and further discriminated prognosis of patients in advanced stages.",10.1038/s41598-019-48513-6 [pii],"Kim D, Lee GY, Choi JO, Kim K, Kim SJ, Ju ES, Jeon ES",,,Sci Rep. 2019 Aug 21;9(1):12200. doi: 10.1038/s41598-019-48513-6.,PubMed,INCLUIDO,Cumple criterios — novel biomarker
Natriuretic Peptides and Cardiac Troponins: Markers of Disease Progression and Risk in Light Chain Cardiac Amyloidosis.,"PURPOSE OF REVIEW: Light chain (AL) amyloidosis can cause an infiltrative cardiomyopathy that can result in symptomatic heart failure. The vague, nonspecific onset of signs and symptoms may lead to a delay in diagnosis and treatment leading to poor outcomes. Cardiac biomarkers, such as troponins and natriuretic peptides, play a pivotal role in diagnosis, determining prognosis, and assessing treatment response in patients with AL amyloidosis. Because of the evolving landscape for both diagnosis and treatment of AL cardiac amyloidosis, we review the critical role these and other biomarkers play in the clinical management of this disease. RECENT FINDINGS: A number of conventional cardiac and noncardiac serum biomarkers are commonly used in AL cardiac amyloidosis and may be surrogates for cardiac involvement and inform prognosis. These include typical heart failure biomarkers such as levels of circulating natriuretic peptides as well as cardiac troponins. Other noncardiac biomarkers frequently measured in AL cardiac amyloidosis included difference between the involved and uninvolved free light chains (dFLC) and markers of endothelial cell activation and damage such as von Willebrand factor antigen and matrix metalloproteinases. AL amyloidosis can lead to cardiac involvement which has been associated with poor outcomes, especially if not identified and treated early. Natriuretic peptides and cardiac troponins are cornerstones for the diagnosis and management of AL cardiac amyloidosis. Their levels may represent cardiac stress, injury, and possibly degree of cardiac involvement, and they play a key role in AL amyloidosis disease staging.",10.1007/s11897-023-00616-y [pii],"Wees I, Hendren NS, Kaur G, Roth LR, Grodin JL",,,Curr Heart Fail Rep. 2023 Oct;20(5):350-357. doi: 10.1007/s11897-023-00616-y. Epub 2023 Jul 10.,PubMed,INCLUIDO,Cumple criterios — serum biomarker
T cell landscape and dynamics in immunoglobulin light chain amyloidosis before and after daratumumab-based therapy.,"Amyloid light-chain (AL) is characterized by the presence of small, poorly proliferating plasma cell clones with the production and deposition of light chains into tissues. T cell changes within the tumour microenvironment in AL are poorly understood. By sequencing at a single-cell level of CD3(+) T cells purified from bone marrow (BM) and blood of newly diagnosed AL patients before and after a combination of daratumumab with cyclophosphamide, bortezomib, and dexamethasone (Dara-BCD), we analysed the transcriptomic features of T cells and found an expansion, activation and type I cytokine upregulation in BM and circulating T cells after the treatment. More prominent changes were shown in CD8(+) T cells. In particular, we found the presence of CD8(+) BM resident memory T cells (T(RM) ) with high expression of inhibitory molecules in AL patients at diagnosis. After Dara-BCD, these T(RM) cells were quickly activated with downregulation of suppressive molecules and upregulation of IFNG expression. These data collectively demonstrate that Dara-based therapy in patients with AL amyloidosis promotes anti-tumour T cell responses. The similar transcriptomic features of BM and circulating T cells before and after therapy further provide a less invasive approach for molecular monitoring of T cell response in AL amyloidosis.",CTM2582 [pii],"Wang Y, Xu L, Zhao W, Chen X, Wen L, Duan W, Yu XJ, De Zhou F, Liu Y, Hao J, Huang X, Lu J, Ge Q",,,Clin Transl Med. 2021 Nov;11(11):e582. doi: 10.1002/ctm2.582.,PubMed,INCLUIDO,Cumple criterios — transcriptom
Machine-learning based subgroups of AL amyloidosis and cumulative incidence of mortality and end stage kidney disease.,"Immunoglobulin light chain (AL) amyloidosis is a multisystem disease with varied treatment options and disease-related outcomes. Current staging systems rely on a limited number of cardiac, renal, and plasma cell dyscrasia biomarkers. To improve prognostication for all-cause mortality and end-stage kidney disease (ESKD), we applied unsupervised machine learning using a comprehensive set of clinical and laboratory parameters. Our study cohort comprised 2067 patients with newly diagnosed, biopsy-proven AL amyloidosis from the Boston University Amyloidosis Center. Variables included 31 clinical symptoms and 28 baseline laboratory values. Our clustering algorithm identified three subgroups of AL amyloidosis (low-risk, intermediate-risk, and high-risk) with distinct clinical phenotypes and median overall survival (OS) estimates of 6.1, 3.7, and 1.2 years, respectively. The 10-year adjusted cumulative incidences of all-cause mortality were 66.8% (95% CI 63.4-70.1), 75.4% (95% CI 72.1-78.6), and 90.6% (95% CI 87.4-93.3) for low, intermediate, and high-risk subgroups. The 10-year adjusted cumulative incidences of end-stage kidney disease (ESKD) were 20.4% (95% CI 6.1-24.5), 37.6% (95% CI 31.8-43.8), and 6.7% (95% CI 2.8-11.3) for low-risk, intermediate-risk, and high-risk subgroups. Finally, we trained a classifier for external validation with high cross-validation accuracy (85% [95% CI 83-86]) using a subset of easily obtainable clinical parameters. This marks an initial stride toward integrating precision medicine into risk stratification of AL amyloidosis for both all-cause mortality and ESKD.",10.1002/ajh.27472 [doi],"Anand SK, Staron A, Mendelson LM, Joshi T, Burke N, Sanchorawala V, Verma A",,,Am J Hematol. 2024 Nov;99(11):2140-2151. doi: 10.1002/ajh.27472. Epub 2024 Sep 11.,PubMed,INCLUIDO,Cumple criterios — machine learning
"IgM AL amyloidosis: delineating disease biology and outcomes with clinical, genomic and bone marrow morphological features.","This study evaluates newly diagnosed IgM (6%, n = 75/1174) vs. non-IgM light chain amyloidosis patients. IgM amyloid patients had lower light chains (12.5 vs. 22.5 mg/dL; p < 0.001). Heart (56% vs. 73%, p = 0.002) and >1 organ involvement (31% vs. 44%, p = 0.02) was less common in IgM amyloidosis, while soft tissue and peripheral nerve involvement was more common. t(11;14) was less common (27% vs. 50%, p = 0.008) in IgM amyloidosis. Rates of MYD88(L265P) and CXCR4(WHIM) mutation in IgM amyloidosis were 58% (29/50) and 17% (8/46). Diagnosis after hematopathology review in IgM amyloidosis was pure plasma cell neoplasm (PPCN) in 23% (16/70), lymphoplasmacytic neoplasm (LPL) in 63% (44/70) patients, and other (14%). LPL vs. PPCN groups had distinct genetic abnormalities: t(11;14): 0% (0/18) vs. 60% (9/15), p < 0.001; MYD88(L265P) mutation: 84% (27/32) vs. 0% (0/14), p < 0.001; CXCR4 mutation: 29% (8/28) vs. 0% (0/14), p = 0.04. Overall survival was shorter in IgM AL when stratified by Mayo 2012 stage; stage 1/2 (59 vs. 125.9 months, p = 0.003) and stage 3/4 (6.5 vs. 12.9 months, p = 0.075), likely due to lower hematologic response rates (6 months: 39% vs. 59%, p = 0.008). We characterized two subtypes of IgM amyloidosis (LPL/PPCN). This can aid in therapeutic decision-making, with treatment directed at the clonal disease.",10.1038/s41375-019-0667-6 [pii],"Sidana S, Larson DP, Greipp PT, He R, McPhail ED, Dispenzieri A, Murray DL, Dasari S, Ansell SM, Muchtar E, Gonsalves WI, Kourelis TV, Ramirez-Alvarado M, Kapoor P, Rajkumar SV, Lacy MQ, Buadi FK, Leung N, Kyle RA, Kumar SK, King RL, Gertz MA",,,Leukemia. 2020 May;34(5):1373-1382. doi: 10.1038/s41375-019-0667-6. Epub 2019 Nov 28.,PubMed,INCLUIDO,Cumple criterios — genom
Genomic profiling in amyloid light-chain amyloidosis reveals mutation profiles associated with overall survival.,"Background: Amyloid light chain (AL) amyloidosis is characterized by tissue deposition of amyloid fibres derived from immunoglobulin that can lead to irreversible organ damage. Information about genomic profiles of AL amyloidosis is lacking.Methods: In this study, we adopted a two-step strategy to investigate the mutational profile of AL amyloidosis bone marrow plasma cells (PCs) and their clinical implications. In step one, whole-exome sequencing was performed in bone marrow PCs and paired with normal tissue from 10 AL amyloidosis patients, by which we identified 10 significantly mutated genes (SMGs). In step two, we constituted a targeted gene sequencing (TGS) panel covering the frequently mutated genes identified in step one, genes reported in prior AL amyloidosis studies, and known cancer driver mutations. Then, we analysed an expanded cohort of AL amyloidosis patients (N = 48) with this panel comprising 98 genes.Results: Four recurrent mutations were identified by TGS and verified by Sanger sequencing: ASB15 (c. 844 C > T), ASCC3 (c. 1595 A > G), HIST1H1E (c. 311 C > T) and KRAS (c. 35 G > A), among which the first three mutations were associated with inferior overall survival (OS). Additionally, we found that the number of mutations identified by the TGS panel of 98 genes could be a prognostic predictor for OS.Conclusions: In summary, we revealed genomic profiling in AL amyloidosis and found mutation profiles associated with OS.",10.1080/13506129.2019.1678464 [doi],"Huang XF, Jian S, Lu JL, Shen KN, Feng J, Zhang CL, Tian Z, Wang JL, Lei WJ, Cao XX, Zhou DB, Liang ZY, Li J",,,Amyloid. 2020 Mar;27(1):36-44. doi: 10.1080/13506129.2019.1678464. Epub 2019 Oct 22.,PubMed,INCLUIDO,Cumple criterios — genom
Development of an artificial intelligence-based early diagnostic system for light-chain amyloidosis.,"Light-chain (AL) amyloidosis is a rare disease and its early diagnosis remains challenging. This study aimed to develop an artificial intelligence (AI)-based diagnostic assistance system to improve the early diagnosis of AL amyloidosis and facilitate earlier and more precise disease management. Through cooperation with 18 hospitals in the Chinese Registration Network for Light-chain Amyloidosis (CRNLA), 1,355 patients with AL amyloidosis were registered and followed up from January 2010 to January 2022. Ten variables that are easily monitored in clinics, including age, cardiac troponin I (cTnl), N-terminal prohormone B-type natriuretic peptide (NT-ProBNP), creatinine (Crea), albumin (ALB), total bilirubin (Tbil), alkaline phosphatase (ALP), interventricular septum (IVS), left ventricular posterior wall (LVPW), and ejection fraction (EF), were selected. An early assistant diagnostic model of AL amyloidosis was established using gradient boosting decision tree (GBDT), support vector machine (SVM), random forest (RF), and ensemble learning models. A validation subset of challenging cases from the external validation set was used to compare the performance of the AI-based early diagnostic assistance system to that of physicians. All of the typical machine learning algorithms, namely the GBDT, SVM, RF, and ensemble learning models, performed well. The ensemble learning model was considered to have the best performance in the external validation set based on its highest F1 value (0.94) and an area under the receiver operating characteristic (ROC) curve of 0.9784 (95% confidence interval [CI]:0.963-0.987). Performance comparisons between the AI-based early diagnostic assistance model and physicians suggested that the diagnostic accuracy of the AI model (0.95,95%CI:0.92-0.98;P < 0.05) substantially exceeded that of the hematologists (0.73,95%CI:0.7-0.82) and other physicians (0.65,95%CI: 0.61-0.71). The model established by AI, which uses routine laboratory and echocardiography results, can predict the possibility of AL amyloidosis in various scenarios, which may support the early diagnosis of this rare disease.",10.1007/s00277-025-06674-7 [pii],"Yan W, Chen J, He T, Xu H, Chen J, Liu X, Zhong L, Li Y, Sun C, Wang X, Gao L, Jin F, Li B, Li C, Wen Y, Chen Z, Liu B, Li J, Wang H",,,Ann Hematol. 2025 Dec;104(12):6315-6326. doi: 10.1007/s00277-025-06674-7. Epub 2025 Nov 13.,PubMed,INCLUIDO,Cumple criterios — machine learning
LGE Provides Incremental Prognostic Information Over Serum Biomarkers in AL Cardiac Amyloidosis.,"OBJECTIVES: This study sought to determine the prognostic value of cardiac magnetic resonance (CMR) late gadolinium enhancement (LGE) in amyloid light chain (AL) cardiac amyloidosis. BACKGROUND: Cardiac involvement is the major determinant of mortality in AL amyloidosis. CMR LGE is a marker of amyloid infiltration of the myocardium. The purpose of this study was to evaluate retrospectively the prognostic value of CMR LGE for determining all-cause mortality in AL amyloidosis and to compare the prognostic power with the biomarker stage. METHODS: Seventy-six patients with histologically proven AL amyloidosis underwent CMR LGE imaging. LGE was categorized as global, focal patchy, or none. Global LGE was considered present if it was visualized on LGE images or if the myocardium nulled before the blood pool on a cine multiple inversion time (TI) sequence. CMR morphologic and functional evaluation, echocardiographic diastolic evaluation, and cardiac biomarker staging were also performed. Subjects' charts were reviewed for all-cause mortality. Cox proportional hazards analysis was used to evaluate survival in univariate and multivariate analysis. RESULTS: There were 40 deaths, and the median study follow-up period was 34.4 months. Global LGE was associated with all-cause mortality in univariate analysis (hazard ratio = 2.93; p < 0.001). In multivariate modeling with biomarker stage, global LGE remained prognostic (hazard ratio = 2.43; p = 0.01). CONCLUSIONS: Diffuse LGE provides incremental prognosis over cardiac biomarker stage in patients with AL cardiac amyloidosis.",S1936-878X(16)30191-7 [pii],"Boynton SJ, Geske JB, Dispenzieri A, Syed IS, Hanson TJ, Grogan M, Araoz PA",,,JACC Cardiovasc Imaging. 2016 Jun;9(6):680-6. doi: 10.1016/j.jcmg.2015.10.027. Epub 2016 May 18.,PubMed,INCLUIDO,Cumple criterios — serum biomarker
Metabolomics and machine learning approaches for diagnostic biomarkers screening in systemic light chain amyloidosis.,"Delayed diagnosis of systemic light chain (AL) amyloidosis is common and associated with worse survival and early mortality. Current diagnosis still relies on invasive tissue biopsies, highlighting the need for sensitive, noninvasive biomarkers for early diagnosis. This study aims to identify promising biomarkers for the early diagnosis of AL amyloidosis. Peripheral venous blood samples from 70 newly diagnosed systemic AL amyloidosis patients, 48 newly diagnosed multiple myeloma (MM) patients, and 29 healthy controls (HCs) were analyzed using high-performance liquid chromatography-mass spectrometry. Metabolomic profiling revealed distinct metabolic differences between the AL group and the controls (HCs and MM). Machine learning further identified that phytosphingosine and asymmetric dimethylarginine were significantly up-regulated in the AL group compared with HCs group, with area under curve (AUC) values of 0.990 and 0.904, sensitivity and specificity of (97%, 100%) and (88%, 93%), respectively. Compared with MM group, phytosphingosine was also significantly up-regulated in the AL group, with an AUC value of 0.779, sensitivity and specificity of (62%, 88%). Pathway analysis showed significant changes in starch and sucrose metabolism pathway, as well as pentose and glucuronate interconversions pathway between the AL and the controls. Metabolomics combined with machine learning identified phytosphingosine as a promising biomarker for early diagnosis of AL amyloidosis. Two metabolic pathways (starch and sucrose metabolism, pentose and glucuronate interconversions) may reflect the key pathological processes involved in the development and progression of AL amyloidosis. Further confirmation studies are warranted to validate its value in this field.",10.1007/s00277-025-06302-4 [pii],"Xie W, Lai Z, Wang Q, Wang W, Wang J, Liu H, Liang Z, Dong Y",,,Ann Hematol. 2025 Mar;104(3):1669-1678. doi: 10.1007/s00277-025-06302-4. Epub 2025 Mar 13.,PubMed,INCLUIDO,Cumple criterios — metabolom
Using machine learning approaches to develop a fast and easy-to-perform diagnostic tool for patients with light chain amyloidosis: a retrospective real-world study.,"Immunoglobulin light chain (AL) amyloidosis is a severe disorder caused by the accumulation of amyloid fibrils, leading to organ failure. Early diagnosis is crucial to prevent irreversible damage, yet it remains a challenge due to nonspecific symptoms that often appear later in the disease progression. A retrospective study analyzed data collected from 133 AL amyloidosis patients and 271 non-AL patients with similar symptoms but different diagnoses between January 1st, 2017, and September 30th, 2022. Demographic data and laboratory test results were collected. Subsequently, significant features were identified by both logistic regression and independent expert clinical ability. Eventually, logistic regression and four machine learning (ML) algorithms were employed to construct a diagnostic model, utilizing fivefold cross-validation and blind set testing to identify the optimal model. The study successfully identified nine independent predictors of AL amyloidosis patients with kidney or cardiac involvement, respectively. Two models were developed to identify key features that distinguish AL amyloidosis from nephrotic syndrome and hypertrophic cardiomyopathy, respectively. The light gradient boosting machine (LightGBM) model emerged as the most effective, demonstrating superior performance with the area under curve (AUC) of 0.90 in both models, alongside high sensitivity, specificity, and F1-score. This research highlights the potential of using a machine learning-based LightGBM model to facilitate early and accurate diagnosis of AL amyloidosis. The model's effectiveness suggests it could be a valuable tool in clinical settings, aiding in the timely identification of AL amyloidosis among patients with non-specific symptoms. Further validation in diverse populations is recommended to establish its universal applicability.",10.1007/s00277-024-06015-0 [pii],"Liu Y, Dou X, Yan X, Ma S, Ye C, Wang X, Lu J",,,Ann Hematol. 2024 Dec;103(12):5781-5798. doi: 10.1007/s00277-024-06015-0. Epub 2024 Oct 31.,PubMed,INCLUIDO,Cumple criterios — machine learning
Red blood cell distribution width is a simple and novel biomarker for survival in light-chain amyloidosis.,"Red blood cell distribution width (RDW) has been used for the differential diagnosis of anemia, but high RDW may also be associated with several human disorders. We evaluated the prognostic relevance of RDW in patients with light-chain (AL) amyloidosis. We retrospectively analyzed all patients with AL amyloidosis who were newly diagnosed at the Japanese Red Cross Medical Center between December 2011 and June 2018. RDW was evaluated in 94 patients; 48% (n = 45) of patients had a high RDW (≥ 13.8%) and 52% (n = 49) had a low RDW (< 13.8%). Overall survival (OS) was significantly lower in patients with a high RDW (P < 0.001). On multivariate analysis, increased RDW was an independent predictor for OS. Even in patients without cardiac amyloidosis, the OS was significantly lower in the high-RDW group (P = 0.0064). The survival rate of high-RDW patients without cardiac involvement was as poor as that of patients with cardiac involvement. In addition, in patients with revised Mayo stage I or a normal level of N-terminal pro-B-type natriuretic peptide, high RDW was negatively correlated with OS (P = 0.0086, 0.025). RDW is a simple and strong predictor of early death, and is a prognostic biomarker in patients with AL amyloidosis without cardiac involvement.",10.1007/s12185-019-02692-0 [pii],"Yogo T, Okazuka K, Nashimoto J, Uto Y, Sato K, Miyazaki K, Ogura M, Yoshiki Y, Abe Y, Tsukada N, Ishida T, Suzuki K",,,Int J Hematol. 2019 Oct;110(4):431-437. doi: 10.1007/s12185-019-02692-0. Epub 2019 Jun 24.,PubMed,INCLUIDO,Cumple criterios — novel biomarker
Cardiovascular magnetic resonance-derived left atrioventricular coupling index as a novel prognostic marker for light-chain amyloidosis.,"BACKGROUND: Left atrioventricular coupling index (LACI) is a novel biomarker, and the prognostic value of LACI to predict cardiovascular events has been validated. The present study aimed to explore the prognostic value of LACI in patients with light-chain (AL) amyloidosis. METHODS: We prospectively enrolled 179 patients with AL amyloidosis who underwent cardiovascular magnetic resonance imaging between December 2011 and January 2020. LACI was defined as the ratio between the left atrial volume and the left ventricular volume at end-diastole. The primary endpoint was all-cause mortality. Receiver operating characteristic curve was used to identify the optimal cut-off of LACI in predicting all-cause mortality. Univariable and multivariable Cox proportional hazard models were used to assess the association of LACI and primary endpoint. RESULTS: During a median follow-up of 30 months, 118 (65.9 %) patients with all-cause mortality were documented. LACI was significantly higher in patients with primary endpoint compared to those without primary endpoint (55.4 %, interquartile range: 31.6 %-71.5 % vs. 39.4 %, interquartile range: 24.1 %-54.7 %, p = 0.001). The optimal cut-off for LACI to predict mortality was 49.3 %. In multivariate Cox regression analysis, LACI≥49.3 % (HR 1.907, 95 % CI 1.273-2.857, p = 0.002) was an independent predictor of all-cause mortality. On Kaplan-Meier analysis, patients at advanced Mayo stage (IIIa and IIIb) can be further risk stratified using LACI≥49.3 % (log-rank p = 0.035, p = 0.025). CONCLUSION: The LACI provides powerful independent prognostic value in AL amyloidosis. The LACI has incremental prognostic value to predict all-cause mortality over the Mayo stage in patients at the advanced Mayo stage.",S0167-5273(24)01252-X [pii],"Wang Y, Bi K, Wan K, Liu J, He W, Li X, Huang L, Peng L, Chen Y",,,Int J Cardiol. 2025 Jan 1;418:132630. doi: 10.1016/j.ijcard.2024.132630. Epub 2024 Oct 10.,PubMed,INCLUIDO,Cumple criterios — novel biomarker
Recurrent mutations of MAPK pathway genes in multiple myeloma but not in amyloid light-chain amyloidosis.,"Clinically applicable platforms revealing actionable genomic alterations may improve the treatment efficacy of myeloma patients. In this pilot study, we used a high depth targeted sequencing panel containing 83 anti-cancer drug target genes to sequence genomic DNAs extracted from bone marrow aspirates of 23 patients with myeloma and 12 patients with amyloid light-chain (AL) amyloidosis. Mutation analysis revealed NRAS as the most commonly mutated gene (30%, 7/23) in myeloma patients followed by KRAS (26%, 6/23) and BRAF (22%, 5/23). However, no significant mutations were found in the 12 patients with AL amyloidosis. Notably, 6 of the 23 myeloma patients showed multi-site and/or multi-gene mutations in NRAS, KRAS, or BRAF, indicating compound aberrations in the Mitogen activated protein kinase (MAPK) pathway. Gene panel sequencing also revealed cytogenetic abnormalities associated with prognosis in myeloma patients. In conclusion, our pilot study suggests that targeted gene sequencing may have an important prognostic value for myeloma patients for the identification of actionable genomic alterations and cytogenetic aberrations.",12029 [pii],"Kim SJ, Shin HT, Lee HO, Kim NK, Yun JW, Hwang JH, Kim K, Park WY",,,Oncotarget. 2016 Oct 18;7(42):68350-68359. doi: 10.18632/oncotarget.12029.,PubMed,INCLUIDO,Cumple criterios — genom
Growth differentiation factor-15 is a new biomarker for survival and renal outcomes in light chain amyloidosis.,"Growth differentiation factor-15 (GDF-15) improves prognostication in patients with cardiovascular disorders in addition to conventional cardiac markers (N-terminal pro B-type natriuretic peptide [NT-proBNP], troponins [Tns]) and has shown prognostic value in patients with renal diseases. In patients with light chain (AL) amyloidosis, cardiac involvement is the major determinant of prognosis, and cardiac markers define prognosis, whereas biomarkers of renal involvement stratify renal risk. We explored the prognostic importance of serum level of GDF-15 in patients with AL amyloidosis in 2 independent cohorts. The prognostic value of GDF-15 level was initially evaluated in a cohort of 107 consecutive previously untreated patients with AL amyloidosis from Athens, Greece, and was then validated in a second cohort of 202 consecutive previously untreated patients from Pavia, Italy. High GDF-15 level was associated with a higher risk of early death and poor overall survival independently of NT-proBNP and high-sensitivity TnT (hsTnT) or hsTnI levels. At the 6-month landmark, reduction of GDF-15 level ≥25% was associated with improved outcome. GDF-15 level ≥4000 pg/mL was associated with a high risk of progression to dialysis, independently of renal risk defined by estimated glomerular filtration rate and proteinuria, in both cohorts; failure to reduce GDF-15 below this level was associated with increased risk at either the 3- or 6-month landmark, independently of the established renal response or progression criteria. In conclusion, GDF-15 has prognostic implications for different outcomes in patients with AL and adds prognostic information independent of that provided by cardiac and renal risk biomarkers.",S0006-4971(20)32342-9 [pii],"Kastritis E, Papassotiriou I, Merlini G, Milani P, Terpos E, Basset M, Akalestos A, Russo F, Psimenou E, Apostolakou F, Roussou M, Gavriatopoulou M, Eleutherakis-Papaiakovou E, Fotiou D, Ziogas DC, Papadopoulou E, Pamboucas C, Dimopoulos MA, Palladini G",,,Blood. 2018 Apr 5;131(14):1568-1575. doi: 10.1182/blood-2017-12-819904. Epub 2018 Jan 31.,PubMed,INCLUIDO,Cumple criterios — new biomarker
Paradigm Shift in Monoclonal Protein Detection: From Electrophoresis-based to Mass Spectrometry-based Methods.,"Monoclonal protein (M-protein) is a crucial biomarker for diagnosing and monitoring monoclonal gammopathies, including multiple myeloma (MM). Traditionally, electrophoresis (EP)-based methods, such as protein EP and immunofixation EP, have been widely used for M-protein detection. However, these methods can show low sensitivity and inadequate quantification of small amounts of M-protein. To overcome these challenges, EP-based methods are often combined with the quantification of serum free light chains in automated immunoassays. Advances in mass spectrometry (MS) have introduced three main approaches for sample preparation: top-down, middle-down, and bottom-up. Middle-down approaches are commonly used with matrix-assisted laser desorption/ionization time-of-flight MS and liquid chromatography-electrospray ionization (LC-ESI) quadrupole time-of-flight MS, whereas the bottom-up approach is typically applied with LC-ESI Orbitrap MS. A review of studies, conducted from 2014 to 2024, on plasma cell disorders that utilized MS-based methods demonstrate improvements in the sensitivity and accuracy of M-protein identification and quantification. MM remains the most frequently studied disease, with significant therapeutic advancements leading to improved outcomes. Minimal residual disease has gained attention because of its correlation with better prognoses. Monoclonal gammopathy of undetermined significance and amyloid light-chain amyloidosis are occasionally addressed, while studies on other rare diseases remain limited. This review highlights the clinical applications and advancements in MS-based methods, particularly in assessing M-protein levels for treatment responses, risk factors, and prognostic monitoring. Given their advantages-high sensitivity and specificity, automation, cost-effectiveness, and time efficiency-MS-based methods may eventually replace EP-based methods in clinical laboratories.",alm.2025.0133 [pii],"Lee J, Yoo S, Yang S, Song SH",,,Ann Lab Med. 2026 Jan 1;46(1):3-15. doi: 10.3343/alm.2025.0133. Epub 2025 Nov 5.,PubMed,INCLUIDO,Cumple criterios — mass spectrometry
Non-invasive differentiation of light chain amyloidosis and multiple myeloma based on Raman spectroscopy analysis using one-dimensional convolutional neural networks.,"Light chain amyloidosis (AL) and multiple myeloma (MM) are interrelated plasma cell disorders characterized by malignant proliferation, yet they demonstrate distinct pathophysiological mechanisms and clinical progression patterns. The clinical differentiation between these conditions presents significant challenges, frequently resulting in delayed diagnosis, particularly for AL amyloidosis, which adversely affects patient prognosis. Current diagnostic methodologies predominantly depend on invasive tissue biopsies and extended serological testing, underscoring the urgent requirement for rapid, non-invasive auxiliary diagnostic approaches. In this investigation, we developed an innovative analytical framework integrating serum Raman spectroscopy with an advanced one-dimensional convolutional neural network (1D-CNN) to achieve precise discrimination between AL and MM. Serum specimens were collected from clinically diagnosed patients and analyzed using a 785 nm excitation Raman system spanning the spectral range of 200-2000 cm(-1). Following comprehensive preprocessing procedures, our specially designed 1D-CNN architecture attained exceptional classification performance, demonstrating area under the curve (AUC) values of 0.94 for AL and 0.96 for MM, with overall accuracy reaching 92.5%, accompanied by 91.4% sensitivity and 93.1% specificity. The proposed model exhibited statistically superior performance (p < 0.01) compared to conventional machine learning algorithms, including support vector machines (AUC = 0.78), and other deep learning architectures. Critical spectral analysis identified prominent Raman band variations at 500 cm(-1), 1150 cm(-1), and 1750 cm(-1), providing molecular-level insights into the discriminatory characteristics. This spectroscopy-based deep learning platform represents a substantial advancement in clinical diagnostics, offering a rapid, non-invasive methodology with significant potential for early disease screening and enhanced decision-support in differential diagnosis of plasma cell dyscrasias.",S1386-1425(26)00162-9 [pii],"Zhang Y, Tian C, An L, Wang L, Wei C, Lin Z, Xiao J, Zhang X, Yao G, Dong M, Lu H, Li W",,,Spectrochim Acta A Mol Biomol Spectrosc. 2026 Jul 5;355:127591. doi: 10.1016/j.saa.2026.127591. Epub 2026 Feb 22.,PubMed,INCLUIDO,Cumple criterios — machine learning
An atypical cause of amyloidosis: a case of combined heavy and light chain amyloidosis,"Background: The International Society of Amyloidosis recognizes 15 types of kidney-related amyloidosis, with most studies identifying immunoglobulin light chain (AL) amyloidosis as the leading cause in over half of these cases. Heavy chain (AH) amyloidosis has been reported in 0.1–2.3% of kidney amyloidosis cases. This case is particularly novel due to the extremely rare occurrence of combined heavy and light chain (AHL) amyloidosis and its uncommon outcome. Case presentation: A 78-year-old man with hypertension and hyperlipidemia presented with swelling in both the upper and lower extremities, accompanied by dyspnea. On examination, he had crackles in both lung fields on auscultation. His abdomen was distended, and his upper and lower extremities were noted with + 3 edema. Workup revealed a serum creatinine of 1.25 mg/dL, and serum albumin of 2.7 g/dL, 22 g of proteinuria in a 24-hour collection, high lambda light chains at 3,800 mg/L with kappa/lambda ratio of 0.01, and elevated IgM levels at 3,500 mg/L. A kidney biopsy showed mesangial expansion with negative periodic-acid-Schiff and positive Congo Red Stain with apple-green birefringence under polarized light. Immunofluorescence revealed diffuse mesangial staining for IgM (3+), C3 (2+), and lambda light chains (2+). Mass spectrometry confirmed lambda light chain and mu heavy chain amyloidosis. The patient was diagnosed with AHL amyloidosis with a precursor low-grade B-cell lymphoma with plasmacytic differentiation. Based on these findings, rituximab and bendamustine were started. The patient’s condition continued to deteriorate, ultimately progressing to dialysis dependance. Two months after starting dialysis, he chose to transition to hospice care. Conclusion: Kidney AHL amyloidosis is extremely rare. Diagnosis requires a kidney biopsy and mass spectrometry to identify the amyloidogenic protein, given the highest sensitivity and specificity of this technique and the limitations of immunofluorescence. Compared to AL, AHL patients have a higher prevalence of IgM monoclonal gammopathy, longer overall survival (5-year survival rate of 66%), and less advanced disease. Although data are limited, our case underscores the potential rapid progression to dialysis in kidney AHL amyloidosis patients with high proteinuria at diagnosis. © The Author(s) 2025.",10.1186/s12882-025-04226-9,Gonzalez-Hernandez D.R.; Hanouneh M.; Cervantes C.E.,2025,Article,BMC Nephrology,Scopus,INCLUIDO,Cumple criterios — mass spectrometry
Deep learn-based computer-assisted transthoracic echocardiography: approach to the diagnosis of cardiac amyloidosis,"Myocardial amyloidosis (CA) differs from other etiological pathologies of left ventricular hypertrophy in that transthoracic echocardiography is challenging to assess the texture features based on human visual observation. There are few studies on myocardial texture based on echocardiography. Therefore, this paper proposes an adaptive machine learning method based on ultrasonic image texture features to identify CA. In this retrospective study, a total of 289 participants (50 cases of myocardial amyloidosis; Hypertrophic cardiomyopathy: 70 cases; Uremic cardiomyopathy: 92 cases; Hypertensive heart disease: 77 cases). We extracted the myocardial ultrasonic imaging features of these patients and screened the features, and four models of random forest (RF), support vector machine (SVM), logistic regression (LR) and gradient decision-making lifting tree (GBDT) were established to distinguish myocardial amyloidosis from other diseases. Finally, the diagnostic efficiency of the model was evaluated and compared with the traditional ultrasonic diagnostic methods. In the overall population, the four machine learning models we established could effectively distinguish CA from nonCA diseases, AUC (RF 0.77, SVM 0.81, LR 0.81, GBDT 0.71). The LR model had the best diagnostic efficiency with recall, F1-score, sensitivity and specificity of 0.21, 0.34, 0.21 and 1.0, respectively. Slightly better than the traditional ultrasonic diagnosis model. In further subgroup analysis, the myocardial amyloidosis group was compared one-by-one with the patients with hypertrophic cardiomyopathy, uremic cardiomyopathy, and hypertensive heart disease groups, and the same method was used for feature extraction and data modeling. The diagnostic efficiency of the model was further improved. Notably, in identifying of the CA group and HHD group, AUC values reached more than 0.92, accuracy reached more than 0.87, sensitivity equal to or greater than 0.81, specificity 0.91, and F1 score higher than 0.84. This novel method based on echocardiography combined with machine learning may have the potential to be used in the diagnosis of CA. © 2023, The Author(s).",10.1007/s10554-023-02806-0,Zhang X.; Liang T.; Su C.; Qin S.; Li J.; Zeng D.; Cai Y.; Huang T.; Wu J.,2023,Article,International Journal of Cardiovascular Imaging,Scopus,INCLUIDO,Cumple criterios — machine learning
Cardiac amyloidosis: Innovations in diagnosis and treatment,"Cardiac amyloidosis (CA) is a progressive, underdiagnosed condition caused by the deposition of misfolded proteins in the myocardium, forming amyloid fibrils that impair cardiac structure and function. This review highlights recent advances in the diagnosis and treatment of amyloid light-chain (AL) and transthyretin (ATTR) CA, which globally account for most cases of CA. Novel diagnostic tools, including artificial intelligence-enhanced analysis and advanced imaging modalities like positron emission tomography with amyloid-specific tracers, might improve detection rates and diagnostic accuracy to enable non-invasive subtype differentiation. Furthermore, many innovative treatments are being investigated. For AL-CA, anti-fibril therapies are showing promising results, complementing traditional chemotherapy and autologous stem cell transplantation. In ATTR-CA, gene silencing and anti-fibril therapies are being tested in clinical trials and hold promise of halting disease progression and reducing amyloid deposits, respectively. © The Author(s) 2025. Published by Oxford University Press on behalf of the European Society of Cardiology.",10.1093/eurheartjsupp/suae111,Castiglione V.; Montuoro S.; Orlando G.; Aimo A.; Vergaro G.; Emdin M.,2025,Article,"European Heart Journal, Supplement",Scopus,INCLUIDO,Cumple criterios — artificial intelligence
Cardiac Amyloidosis AI-ECG Model is Useful in Predicting Outcomes in Multiple Myeloma Patients Without Amyloidosis Undergoing Autologous Stem Cell Transplant,"AL amyloidosis often presents with nonspecific symptoms, leading to delayed diagnosis and increased early mortality, even in patients with known multiple myeloma or other monoclonal gammopathies. This study assessed the cardiac amyloid artificial intelligence electrocardiogram (CA-AI-ECG) tool’s utility in predicting treatment outcomes and detecting CA in a cohort of multiple myeloma patients undergoing autologous stem cell transplantation (ASCT). Among 2934 multiple myeloma patients studied, 81% received early ASCT (< 12 months from diagnosis) and therefore had an early ECG performed (early ASCT/ECG cohort), with 5% having a positive pre-ASCT CA-AI-ECG score. In the early ASCT/ECG group, a positive CA-AI-ECG score did not correlate with decreased overall survival. However, in the delayed ASCT/ECG group, a positive CA-AI-ECG score was associated with significantly lower overall survival (HR: 1.73, 95% CI: 1.07–2.78), remaining an independent risk factor on multivariate analysis. The observed overall survival difference between cohorts may be attributable to the longer time interval from diagnosis to ECG in the delayed ASCT group, leading to prolonged light chain exposure. During follow-up, 25 patients developed AL amyloidosis, of which, 12 patients had systemic involvement. Those with a positive pre-ASCT CA-AI-ECG were five times as likely to progress to systemic amyloidosis compared to those with a negative score (LR 5.0 p = 0.025). These findings suggest that the CA-AI-ECG tool may enhance subclinical CA detection, especially as an early screening tool. Copyright © 2026 Melinda S. Y. Tan et al. Advances in Hematology published by John Wiley & Sons Ltd.",10.1155/ah/3919126,Tan M.S.Y.; Gertz M.A.; Muchtar E.; Buadi F.K.; Kumar S.K.; Dingli D.; Gonsalves W.I.; Hayman S.; Kapoor P.; Kourelis T.; Warsame R.; Dasari S.; Cook J.; Attia Z.I.; AbouEzzeddine O.F.; Borgeson D.D.; Friedman P.A.; Murphree D.H.; Lopez-Jimenez F.; Grogan M.; Dispenzieri A.,2026,Article,Advances in Hematology,Scopus,INCLUIDO,Cumple criterios — artificial intelligence
Phase 1a/b study of monoclonal antibody CAEL-101 (11-1F4) in patients with AL amyloidosis,"Systemic immunoglobulin light-chain amyloidosis is characterized by pathologic deposition of immunoglobulin light chains as amyloid fibrils in vital organs, leading to organ impairment and eventual death. That the process is reversible was evidenced in an in vivo experimental model in which fibril-reactive chimeric monoclonal antibody (mAb) 11-1F4 directly targeted human light-chain amyloid deposits and affected their removal via a phagocyte-mediated response. To determine the tolerability and potential amyloidolytic effect of this agent (now designated mAb CAEL-101), we conducted a phase 1a/b study involving 27 patients, most of whom had manifestations of organ involvement. This was an open-label study in which phase 1a patients received mAb CAEL-101 as a single intravenous infusion with escalating dose levels from 0.5 mg/m2 to 500 mg/m2 to establish the maximum tolerated dose (MTD). In phase 1b, the antibody was administered as a graded series of 4 weekly infusions. For both phases, there were no drug-related serious adverse events or dose-limiting toxicities among recipients, and the MTD was not reached. The majority of patients had deep hematologic responses but persistent organ disease prior to treatment. Fifteen of 24 patients (63%) who manifested cardiac, renal, hepatic, gastrointestinal, or soft tissue involvement had a therapeutic response to mAb CAEL-101 as evidenced by serum biomarkers or objective imaging modalities with a median time to response of 3 weeks. Infusions of mAb CAEL-101 were well tolerated and, for the majority, resulted in improved organ function, notably for those with cardiac impairment. This trial was registered at www.clinicaltrials.gov as #NCT02245867. © 2021 American Society of Hematology",10.1182/blood.2020009039,Edwards C.V.; Rao N.; Bhutani D.; Mapara M.; Radhakrishnan J.; Shames S.; Maurer M.S.; Leng S.; Solomon A.; Lentzsch S.; Eisenberger A.,2021,Article,Blood,Scopus,INCLUIDO,Cumple criterios — serum biomarker
Pathology and Proteomics-Based Diagnosis of Localized Light-Chain Amyloidosis in Dogs and Cats,"Amyloidosis is classified according to the amyloid precursor protein, and accurate diagnosis of the amyloidosis type may guide appropriate treatment. Immunohistochemistry and Congo red staining are the most frequently used methods used to distinguish types of amyloidosis, but problems with specificity and sensitivity indicate the need for an alternative diagnostic method. In this study, we evaluated laser microdissection-liquid chromatography-tandem mass spectrometry (LMD-LC-MS/MS) for the diagnosis of amyloid light-chain (AL) amyloidosis in animals. Plasmacytomas with amyloid deposits from 15 dogs and 2 cats were subjected to Congo red staining with or without potassium permanganate pretreatment, immunohistochemistry for kappa and lambda light chains, and LMD-LC-MS/MS. Congo red staining was diagnostic in 12 of 17 cases based on resistance to potassium permanganate pretreatment, but in 5 of 17 cases the pretreatment unexpectedly reduced Congo red staining or abrogated the birefringence and a definitive diagnosis could not be reached. Immunohistochemistry detected kappa or lambda light chains in 6 of 17 cases. With LMD-LC-MS/MS, immunoglobulin lambda light chain was detected in all 17 cases. The amyloid signature proteins ApoA-I, ApoA-IV, and ApoE were detected in 9, 1, and 3 of the 15 canine cases by LMD-LC-MS/MS, but not in the feline cases. In conclusion, LMD-LC-MS/MS consistently determined the amyloid type in all examined specimens, while Congo red staining after potassium permanganate treatment and immunohistochemistry were less sensitive tests. © The Author(s) 2020.",10.1177/0300985820934113,Kadota A.; Iwaide S.; Miyazaki S.; Mitsui I.; Machida N.; Murakami T.,2020,Article,Veterinary Pathology,Scopus,INCLUIDO,Cumple criterios — proteom
A patient with AL amyloidosis with negative free light chain results,"The detection and quantification of amyloidogenic monoclonal light chains are necessary for the diagnosis and evaluation of response to treatment in AL amyloidosis. However, the amyloid clone is often small and difficult to detect. We report the case of a 68-year-old man who was referred to our Center in April 2013 after syncope and the identification of left ventricular hypertrophy at echocardiography, suspected for amyloidosis. A commercial agarose gel electrophoresis immunofixation (IFE) did not reveal monoclonal components in serum and urine. The κ serum free light chain (FLC) concentration was 21.5 mg/L, λ 33 mg/L (κ/λ ratio 0.65), NT-proBNP 9074 ng/L (u.r.l. <332 ng/L) and an echocardiogram confirmed characteristic features of amyloidosis. The abdominal fat aspiration was positive and the amyloid typing by immune-electron microscopy revealed λ light chains deposits. A high-resolution (hr) IFE of serum and urine showed a faint monoclonal λ component in the urine. A bone marrow biopsy showed 8% plasma cells (BMPC) and a kappa/lambda light-chain restriction with λ light chain on immunofluorescence. The diagnosis of AL (λ) amyloidosis with cardiac involvement was made. In May 2013, patient was started on cyclophosphamide, bortezomib and dexamethasone. After six cycles, serum and urine hr-IFE were negative, the bone marrow biopsy showed 3% BMPC without light chain restriction by immunofluorescence, and a decrease of NT-proBNP was observed (5802 ng/L).Thus, treatment was discontinued. In this patient the amyloid clone could be detected only by in house hr-IFE of urine and bone marrow examination. The detection of the small dangerous amyloidogenic clone should be pursued with a combination of high-sensitivity techniques, including assessment of BMPC clonality. Studies of novel tools, such as mass spectrometry on serum and next-generation flow cytometry analysis of the bone marrow, for detecting plasma cell clones in AL amyloidosis and other monoclonal light chain-related disorders are warranted. © 2016 by De Gruyter 2016.",10.1515/cclm-2015-0847,Milani P.; Valentini V.; Ferraro G.; Basset M.; Russo F.; Foli A.; Palladini G.; Merlini G.,2016,Article,Clinical Chemistry and Laboratory Medicine,Scopus,INCLUIDO,Cumple criterios — mass spectrometry
Prognostic Value of Circulating sST2 for the Prediction of Mortality in Patients With Cardiac Light-Chain Amyloidosis,"Aims: Systemic light-chain (AL) amyloidosis is a multisystemic disorder leading to multiple organ dysfunction and mortality that is often caused by cardiac involvement. Soluble suppression of tumorigenicity 2 (sST2) is a novel biomarker identified for risk stratification of heart disease. The aim of this study was to investigate the value of circulating sST2 levels in prognosis and mortality risk assessments for the AL amyloidosis population. Methods and Results: A total of 56 patients diagnosed with AL amyloidosis were enrolled in Peking Union Medical College Hospital (PUMCH) from January 2015 to May 2018. The relationships between the clinical parameters and overall survival (OS) and risk factors for disease progression were assessed. Additionally, receiver operating characteristic (ROC) curves, Kaplan–Meier analysis, and Cox hazard models were performed to explore the predictive value of sST2 in mortality rates. We found that the median OS of all patients was 7.3 [interquartile range (IQR) 4.4, 15.9] months. The median baseline sST2 level was 12.2 (IQR 5.1, 31.1) ng/ml, and the sST2 high group had more severe patients with a higher Mayo stage. In the ROC analysis, the area under the curve (AUC) was 0.728 [95% confidence interval (CI) 0.603–0.853] for sST2 to predict the outcomes of AL amyloidosis patients, and the optimal cutoff value was 12.34 ng/ml (sensitivity 80.2%, specificity 61.1%). Moreover, in multivariate Cox proportional hazards regression analysis, sST2 acted as an independent predictor of poor functional outcome in patients with AL amyloidosis. Conclusion: In AL amyloidosis patients, sST2 was a strong and independent prognostic biomarker for all-cause mortality, providing complementary prognostic information of a novel scoring system for risk stratification. Copyright © 2021 Zhang, Xiao, Liu, Fang, Tian, Li, Zhou, Xie, Dong and Zhang.",10.3389/fcvm.2020.597472,Zhang Y.; Xiao Y.; Liu Y.; Fang Q.; Tian Z.; Li J.; Zhou D.; Xie Z.; Dong R.; Zhang S.,2021,Article,Frontiers in Cardiovascular Medicine,Scopus,INCLUIDO,Cumple criterios — novel biomarker
